id;u_uid;token;token_content_type
1;SCSI Data Plastic;../fake-data/blob/hipster.png;image/png
2;Account;../fake-data/blob/hipster.png;image/png
3;Cambridgeshire attitude Research;../fake-data/blob/hipster.png;image/png
4;Bedfordshire killer synthesize;../fake-data/blob/hipster.png;image/png
5;azure hard virtual;../fake-data/blob/hipster.png;image/png
6;Soft iterate Ngultrum;../fake-data/blob/hipster.png;image/png
7;solution;../fake-data/blob/hipster.png;image/png
8;Assurance;../fake-data/blob/hipster.png;image/png
9;schemas;../fake-data/blob/hipster.png;image/png
10;Exclusive Director collaborative;../fake-data/blob/hipster.png;image/png
